Paul Anthony Golding
Anthony Clifford Golding,ANTHONY CLIFFORD GOLDING,secretary,A J TIPPERS LIMITED,05234043,gb,https://opencorporates.com/companies/gb/05234043
Anthony Clifford Golding,ANTHONY CLIFFORD GOLDING,director,A J TIPPERS LIMITED,05234043,gb,https://opencorporates.com/companies/gb/05234043
Christine Beryl Smith,CHRISTINE BERYL SMITH,secretary,QUADSTECH LIMITED,05425828,gb,https://opencorporates.com/companies/gb/05425828
Anne Marie Elstone
Mike Whitby,MIKE WHITBY,director,BIRMINGHAM ECONOMIC DEVELOPMENT PARTNERSHIP LIMITED,02811211,gb,https://opencorporates.com/companies/gb/02811211
Mike Whitby,MIKE WHITBY,director,THE NATIONAL EXHIBITION CENTRE (DEVELOPMENTS) PLC,03301940,gb,https://opencorporates.com/companies/gb/03301940
Mike Whitby,MIKE WHITBY,director,PERFORMANCES BIRMINGHAM LIMITED,03169600,gb,https://opencorporates.com/companies/gb/03169600
Laurence Reid,GEORGE LAURENCE REID,director,TRESIGIN SERVICES LIMITED,05087037,gb,https://opencorporates.com/companies/gb/05087037
Laurence Reid,GEORGE LAURENCE REID,director,TRESIGIN SERVICES LIMITED,05087037,gb,https://opencorporates.com/companies/gb/05087037
Laurence Reid,GEORGE LAURENCE REID,director,TRESIGIN SERVICES LIMITED,05087037,gb,https://opencorporates.com/companies/gb/05087037
Laurence Reid,GEORGE LAURENCE REID,director,TRESIGIN SERVICES LIMITED,05087037,gb,https://opencorporates.com/companies/gb/05087037
Laurence Reid,GEORGE LAURENCE REID,director,TRESIGIN SERVICES LIMITED,05087037,gb,https://opencorporates.com/companies/gb/05087037
Laurence Reid,LAURENCE EDWARD REID,director,"MILLENNIUM PHARMACEUTICALS, LTD.",04576265,gb,https://opencorporates.com/companies/gb/04576265
Laurence Reid,LAURENCE REID,director,REID ACOUSTIC DESIGNS LTD,07017737,gb,https://opencorporates.com/companies/gb/07017737
Laurence Reid,LAURENCE REID,director,DUNCAN MACKINNON MUSIC AND ARTS TRUST LIMITED,SC412818,gb,https://opencorporates.com/companies/gb/SC412818
Laurence Reid,LAURENCE REID,director,LWR LIMITED,07102473,gb,https://opencorporates.com/companies/gb/07102473
Laurence Reid,LAURENCE REID,director,WALTERSON & REID BUILDING CONTRACTORS LIMITED,SC115069,gb,https://opencorporates.com/companies/gb/SC115069
Laurence Reid,LAURENCE RICHARD ALEXANDER REID,director,DGAMOS LIMITED,SC197842,gb,https://opencorporates.com/companies/gb/SC197842
Laurence Reid,PETER LAURENCE BENEDICT REID,secretary,WHOLEBARN LIMITED,03259001,gb,https://opencorporates.com/companies/gb/03259001
Laurence Reid,PETER LAURENCE BENEDICT REID,secretary,F.D. MOTORCYCLES LIMITED,04521780,gb,https://opencorporates.com/companies/gb/04521780
Laurence Reid,STEVEN LAURENCE REID,director,S REID MEDICAL LTD,08166833,gb,https://opencorporates.com/companies/gb/08166833
Jean Griffin,BRIDGET JEAN GRIFFIN,secretary,D. HICKSON CONSULTANTS LIMITED,03220966,gb,https://opencorporates.com/companies/gb/03220966
Jean Griffin,BRIDGET JEAN GRIFFIN,director,GRYPHON BETHUNE SYSTEMS LIMITED,03310778,gb,https://opencorporates.com/companies/gb/03310778
Jean Griffin,CAROLE JEAN GRIFFIN,director,P GRIFFIN MARKETING LIMITED,07400472,gb,https://opencorporates.com/companies/gb/07400472
Jean Griffin,DEBRA JEAN GRIFFIN,director,REDFORD LOGISTICS & RECYCLING SERV'S LTD,08082155,gb,https://opencorporates.com/companies/gb/08082155
Jean Griffin,DEBRA JEAN GRIFFIN,director,REDFORD RECYCLING LIMITED,07522453,gb,https://opencorporates.com/companies/gb/07522453
Jean Griffin,FIONA JEAN GRIFFIN,director,MAYLORD SHOPPING CENTRE TENANTS ASSOCIATION LIMITED,02420128,gb,https://opencorporates.com/companies/gb/02420128
Jean Griffin,FRANCES JEAN GRIFFIN,director,WESTFIELD PARK MANAGEMENT COMPANY LIMITED,00795770,gb,https://opencorporates.com/companies/gb/00795770
Jean Griffin,JANET JEAN GRIFFIN,secretary,SENIOR WRIGHT HOLDINGS LIMITED,02451678,gb,https://opencorporates.com/companies/gb/02451678
Jean Griffin,JEAN BARBARA GRIFFIN,director,NORMAN GRIFFIN LIMITED,01437455,gb,https://opencorporates.com/companies/gb/01437455
Jean Griffin,JEAN BARBARA GRIFFIN,secretary,BATH & WEST CASH AND CARRY LIMITED,00986734,gb,https://opencorporates.com/companies/gb/00986734
Jean Griffin,JEAN BARBARA GRIFFIN,secretary,NORMAN GRIFFIN LIMITED,01437455,gb,https://opencorporates.com/companies/gb/01437455
Jean Griffin,JEAN GRIFFIN,secretary,B.G. PROFESSIONAL SERVICES LIMITED,03731345,gb,https://opencorporates.com/companies/gb/03731345
Jean Griffin,JEAN GRIFFIN,director,PRICE ATTACK LIMITED,03018837,gb,https://opencorporates.com/companies/gb/03018837
Jean Griffin,JEAN GRIFFIN,director,GRYPHON HOSPITALITY LIMITED,07234719,gb,https://opencorporates.com/companies/gb/07234719
Jean Griffin,JEAN GRIFFIN,director,VAPORTRONIC LTD,08064090,gb,https://opencorporates.com/companies/gb/08064090
Jean Griffin,JEAN GRIFFIN,secretary,PRICE ATTACK (FARNBOROUGH) LIMITED,04604890,gb,https://opencorporates.com/companies/gb/04604890
Jean Griffin,JEAN GRIFFIN,secretary,BRIAN GRIFFIN PLANNING & COUNTRYSIDE CONSULTANTS LIMITED,04991513,gb,https://opencorporates.com/companies/gb/04991513
Jean Griffin,JEAN GRIFFIN,director,BRIAN GRIFFIN PLANNING & COUNTRYSIDE CONSULTANTS LIMITED,04991513,gb,https://opencorporates.com/companies/gb/04991513
Jean Griffin,JEAN GRIFFIN,secretary,GRIFFIN GLASSHOUSES LIMITED,01786962,gb,https://opencorporates.com/companies/gb/01786962
Jean Griffin,JEAN GRIFFIN,director,GRIFFIN GLASSHOUSES LIMITED,01786962,gb,https://opencorporates.com/companies/gb/01786962
Jean Griffin,JEAN GRIFFIN,director,MARINERS WHARF MANAGEMENT COMPANY (NEWHAVEN) LIMITED,04620285,gb,https://opencorporates.com/companies/gb/04620285
Jean Griffin,JEAN GRIFFIN,secretary,MARINERS WHARF MANAGEMENT COMPANY (NEWHAVEN) LIMITED,04620285,gb,https://opencorporates.com/companies/gb/04620285
Jean Griffin,JEAN GRIFFIN,director,QUAY COURT (SHOREHAM) LIMITED,03101411,gb,https://opencorporates.com/companies/gb/03101411
Jean Griffin,JEAN GRIFFIN,secretary,RLG MOBILE BUILDINGS LIMITED,05812182,gb,https://opencorporates.com/companies/gb/05812182
Jean Griffin,JEAN GRIFFIN,secretary,CUMBRIA FASTENERS (MORECAMBE) LIMITED,01757432,gb,https://opencorporates.com/companies/gb/01757432
Jean Griffin,JEAN GRIFFIN,secretary,OFFICE & COMMERCIAL RELOCATION LIMITED,04281749,gb,https://opencorporates.com/companies/gb/04281749
Jean Griffin,JEAN GRIFFIN,director,OFFICE & COMMERCIAL RELOCATION LIMITED,04281749,gb,https://opencorporates.com/companies/gb/04281749
Jean Griffin,JEAN MARGUERITE GRIFFIN,director,RICHARDSON COURT (HOVE) RESIDENTS ASSOCIATION LIMITED,00714021,gb,https://opencorporates.com/companies/gb/00714021
Jean Griffin,JEAN MARGUERITE GRIFFIN,director,PEPPERS COURT LIMITED,01793378,gb,https://opencorporates.com/companies/gb/01793378
Jean Griffin,JEAN MATILDA GRIFFIN,secretary,A & S BOOKBINDING COMPANY LIMITED,00592735,gb,https://opencorporates.com/companies/gb/00592735
Gary Tumulty
Kay Swinburne,JACQUELINE KAY SWINBURNE,secretary,DERIVATIVE DESIGN LIMITED,03562588,gb,https://opencorporates.com/companies/gb/03562588
Kay Swinburne,JACQUELINE KAY SWINBURNE,director,SWINBURNE INVESTMENT MANAGEMENT LIMITED,04050534,gb,https://opencorporates.com/companies/gb/04050534
Kay Swinburne,JACQUELINE KAY SWINBURNE,secretary,MEREWOOD LIMITED,05433831,gb,https://opencorporates.com/companies/gb/05433831
Aled Wyn Davies,ALED WYN DAVIES,secretary,ATEBGLAS DAIONI CYFYNGEDIG,07492206,gb,https://opencorporates.com/companies/gb/07492206
Aled Wyn Davies,ALED WYN DAVIES,director,CRAIDD CYF,06742824,gb,https://opencorporates.com/companies/gb/06742824
Aled Wyn Davies,ALED WYN DAVIES,director,WDS GREEN ENERGY LTD,07427355,gb,https://opencorporates.com/companies/gb/07427355
Aled Wyn Davies,ALED WYN DAVIES,director,ATEBGLAS DAIONI CYFYNGEDIG,07492206,gb,https://opencorporates.com/companies/gb/07492206
Aled Wyn Davies,ALED WYN DAVIES,director,ATEBGLAS CYFYNGEDIG,05092821,gb,https://opencorporates.com/companies/gb/05092821
Aled Wyn Davies,ALED WYN DAVIES,director,MENTER IAITH MALDWYN,04098241,gb,https://opencorporates.com/companies/gb/04098241
Aled Wyn Davies,ALED WYN DAVIES,director,WDS ENVIRONMENTAL LIMITED,05311330,gb,https://opencorporates.com/companies/gb/05311330
Dan Boucher
Richard Howard Hopkin,RICHARD HOWARD HOPKIN,director,THE HANDEL HOUSE TRUST LIMITED,02653428,gb,https://opencorporates.com/companies/gb/02653428
Richard Howard Hopkin,RICHARD HOWARD HOPKIN,director,BRIGANTIA INVESTMENTS B.V.,FC027233,gb,https://opencorporates.com/companies/gb/FC027233
Richard Howard Hopkin,RICHARD HOWARD HOPKIN,director,BELISAMA INVESTMENTS B.V.,FC027228,gb,https://opencorporates.com/companies/gb/FC027228
Richard Howard Hopkin,RICHARD HOWARD HOPKIN,director,LONDON HANDEL SOCIETY LIMITED,01193919,gb,https://opencorporates.com/companies/gb/01193919
Richard Howard Hopkin,RICHARD HOWARD HOPKIN,director,THE LONDON WELSH CENTRE TRUST,00774093,gb,https://opencorporates.com/companies/gb/00774093
Richard Howard Hopkin,RICHARD HOWARD HOPKIN,director,ZIGGURAT FREEHOLD LIMITED,05046932,gb,https://opencorporates.com/companies/gb/05046932
Richard Howard Hopkin,RICHARD HOWARD HOPKIN,director,LONDON WELSH CENTRE LIMITED,00204686,gb,https://opencorporates.com/companies/gb/00204686
Pippa Bartolotti,PIPPA BARTOLOTTI,director,TOUCAN SYSTEMS LIMITED,02068869,gb,https://opencorporates.com/companies/gb/02068869
John Matthews,AARON JOHN MATTHEWS,director,KOUM NETWORK,07541056,gb,https://opencorporates.com/companies/gb/07541056
John Matthews,ADAM JOHN MATTHEWS,director,WESTON-SUPER-MARE EDUCATION TRUST,08658047,gb,https://opencorporates.com/companies/gb/08658047
John Matthews,ADRIAN JOHN MATTHEWS,director,MICROMEMORY LIMITED,03479366,gb,https://opencorporates.com/companies/gb/03479366
John Matthews,ADRIAN JOHN MATTHEWS,secretary,EXCEL LOCUMS LIMITED,03893644,gb,https://opencorporates.com/companies/gb/03893644
John Matthews,ADRIAN JOHN MATTHEWS,director,DREAM VENTURES LIMITED,04313160,gb,https://opencorporates.com/companies/gb/04313160
John Matthews,ADRIAN JOHN MATTHEWS,director,EXCEL LOCUMS LIMITED,03893644,gb,https://opencorporates.com/companies/gb/03893644
John Matthews,ADRIAN JOHN MATTHEWS,secretary,UNIVERSAL MEDICAL SERVICES LIMITED,03911444,gb,https://opencorporates.com/companies/gb/03911444
John Matthews,ADRIAN JOHN MATTHEWS,director,UNIVERSAL MEDICAL SERVICES LIMITED,03911444,gb,https://opencorporates.com/companies/gb/03911444
John Matthews,ADRIAN JOHN MATTHEWS,director,MICROMEMORY LIMITED,03479366,gb,https://opencorporates.com/companies/gb/03479366
John Matthews,ADRIAN JOHN MATTHEWS,secretary,THE INTERNATIONAL TIGER MOTH BENEVOLENT ASSOCIATION,04049209,gb,https://opencorporates.com/companies/gb/04049209
John Matthews,ADRIAN JOHN MATTHEWS,director,TOMORROW CONSULTANCY LIMITED,03613825,gb,https://opencorporates.com/companies/gb/03613825
John Matthews,ADRIAN JOHN MATTHEWS,secretary,DREAM VENTURES LIMITED,04313160,gb,https://opencorporates.com/companies/gb/04313160
John Matthews,ALAN BRIAN JOHN MATTHEWS,director,CERBERUS IT SOLUTIONS LIMITED,06674315,gb,https://opencorporates.com/companies/gb/06674315
John Matthews,ALAN JOHN MATTHEWS,secretary,2440840 LIMITED,02440840,gb,https://opencorporates.com/companies/gb/02440840
John Matthews,ALAN JOHN MATTHEWS,director,ARMFOODS LIMITED,00677803,gb,https://opencorporates.com/companies/gb/00677803
John Matthews,ALAN JOHN MATTHEWS,director,PRIMARY NEEDS LIMITED,05297513,gb,https://opencorporates.com/companies/gb/05297513
John Matthews,ALAN JOHN MATTHEWS,secretary,PRIMARY NEEDS LIMITED,05297513,gb,https://opencorporates.com/companies/gb/05297513
John Matthews,ALAN JOHN MATTHEWS,secretary,J A D SERVICES LIMITED,02672805,gb,https://opencorporates.com/companies/gb/02672805
John Matthews,ALAN JOHN MATTHEWS,director,J A D SERVICES LIMITED,02672805,gb,https://opencorporates.com/companies/gb/02672805
John Matthews,ALAN JOHN MATTHEWS,secretary,"CAPOCCI'S SNACK BARS,LIMITED",00488199,gb,https://opencorporates.com/companies/gb/00488199
John Matthews,ALAN JOHN MATTHEWS,director,"CAPOCCI'S SNACK BARS,LIMITED",00488199,gb,https://opencorporates.com/companies/gb/00488199
John Matthews,ALAN JOHN MATTHEWS,director,NEEDOAK LIMITED,01820602,gb,https://opencorporates.com/companies/gb/01820602
John Matthews,ALAN JOHN MATTHEWS,director,WCN HOLDINGS LIMITED,03670815,gb,https://opencorporates.com/companies/gb/03670815
John Matthews,ALAN JOHN MATTHEWS,secretary,ARMITAGE BROTHERS LIMITED,00051903,gb,https://opencorporates.com/companies/gb/00051903
John Matthews,ALAN JOHN MATTHEWS,secretary,GOOD BOY PET FOODS LIMITED,00678990,gb,https://opencorporates.com/companies/gb/00678990
John Matthews,ALAN JOHN MATTHEWS,director,ROOKSWOOD PRODUCTIONS LIMITED,03688112,gb,https://opencorporates.com/companies/gb/03688112
John Matthews,ALAN JOHN MATTHEWS,secretary,DRV INTEGRATION LIMITED,05583778,gb,https://opencorporates.com/companies/gb/05583778
John Matthews,ALAN JOHN MATTHEWS,director,DRV INTEGRATION LIMITED,05583778,gb,https://opencorporates.com/companies/gb/05583778
John Matthews,ALAN JOHN MATTHEWS,director,THE GRAIN HOUSE TRUST,04626536,gb,https://opencorporates.com/companies/gb/04626536
John Matthews,ALAN JOHN MATTHEWS,director,DRV SUPPORT LIMITED,05739486,gb,https://opencorporates.com/companies/gb/05739486
Chris Were
Rozz Cutler
Derek Vaughan,AIDAN DEREK VAUGHAN,director,MPL WEALTH MANAGEMENT LIMITED,03079936,gb,https://opencorporates.com/companies/gb/03079936
Derek Vaughan,AIDEN DEREK VAUGHAN,director,MPL WEALTH MANAGEMENT LIMITED,03079936,gb,https://opencorporates.com/companies/gb/03079936
Derek Vaughan,ANDREW DEREK VAUGHAN,director,CAESAR TOPCO LIMITED,08319737,gb,https://opencorporates.com/companies/gb/08319737
Derek Vaughan,ANDREW DEREK VAUGHAN,director,HWH PLUS LIMITED,04404058,gb,https://opencorporates.com/companies/gb/04404058
Derek Vaughan,ANDREW DEREK VAUGHAN,director,CARE IN BATHING LTD,02426566,gb,https://opencorporates.com/companies/gb/02426566
Derek Vaughan,ANDREW DEREK VAUGHAN,director,EXPERIAN INTEGRATED MARKETING LIMITED,03644914,gb,https://opencorporates.com/companies/gb/03644914
Derek Vaughan,ANDREW DEREK VAUGHAN,director,ROUGE 1 LIMITED,05611337,gb,https://opencorporates.com/companies/gb/05611337
Derek Vaughan,ANDREW DEREK VAUGHAN,director,INTERNATIONAL BENEFITS HOLDINGS LIMITED,07430816,gb,https://opencorporates.com/companies/gb/07430816
Derek Vaughan,ANDREW DEREK VAUGHAN,director,CAESAR MIDCO LIMITED,08319789,gb,https://opencorporates.com/companies/gb/08319789
Derek Vaughan,ANDREW DEREK VAUGHAN,director,NEXUS VEHICLE HOLDINGS LIMITED,06461008,gb,https://opencorporates.com/companies/gb/06461008
Derek Vaughan,ANDREW DEREK VAUGHAN,director,CAESAR BIDCO LIMITED,08319877,gb,https://opencorporates.com/companies/gb/08319877
Derek Vaughan,ANDREW DEREK VAUGHAN,director,EXPERIAN INTEGRATED MARKETING HOLDINGS LIMITED,04842878,gb,https://opencorporates.com/companies/gb/04842878
Derek Vaughan,ANDREW DEREK VAUGHAN,director,FONESTARZ MEDIA GROUP LIMITED,05613283,gb,https://opencorporates.com/companies/gb/05613283
Derek Vaughan,ANDREW DEREK VAUGHAN,director,HAMSARD 3043 LIMITED,06028269,gb,https://opencorporates.com/companies/gb/06028269
Derek Vaughan,ANDREW DEREK VAUGHAN,director,ENVIROS GROUP LIMITED,04217291,gb,https://opencorporates.com/companies/gb/04217291
Derek Vaughan,ASHLEY MICHAEL DEREK VAUGHAN RAKE,director,SPRINGFIELD POLO LIMITED,05471782,gb,https://opencorporates.com/companies/gb/05471782
Derek Vaughan,DEREK ALBERT VAUGHAN,secretary,ALAN COLLINS (TYRE SERVICE) LIMITED,01286179,gb,https://opencorporates.com/companies/gb/01286179
Derek Vaughan,DEREK ALBERT VAUGHAN,secretary,ALAN COLLINS MECHANICAL HANDLING LIMITED,03070215,gb,https://opencorporates.com/companies/gb/03070215
Derek Vaughan,DEREK ALBERT VAUGHAN,director,LEEA GOLF LTD,06784117,gb,https://opencorporates.com/companies/gb/06784117
Derek Vaughan,DEREK ALBERT VAUGHAN,director,ALAN COLLINS (TYRE SERVICE) LIMITED,01286179,gb,https://opencorporates.com/companies/gb/01286179
Derek Vaughan,DEREK DUMONT VAUGHAN,director,INTERVAUGHAN LIMITED,01833949,gb,https://opencorporates.com/companies/gb/01833949
Derek Vaughan,DEREK JOHN VAUGHAN,director,HEREFORD CATTLE SERVICES LIMITED,01597591,gb,https://opencorporates.com/companies/gb/01597591
Derek Vaughan,DEREK NIGEL VAUGHAN,secretary,INSIGHT COMMUNICATIONS (SCOTLAND) LIMITED,SC226578,gb,https://opencorporates.com/companies/gb/SC226578
Derek Vaughan,DEREK NIGEL VAUGHAN,director,AVA MARKETING LIMITED,04106114,gb,https://opencorporates.com/companies/gb/04106114
Derek Vaughan,DEREK NIGEL VAUGHAN,director,PROPERTY CONSORTIUM INTERNATIONAL LTD,05110854,gb,https://opencorporates.com/companies/gb/05110854
Derek Vaughan,DEREK NIGEL VAUGHAN,director,CONFEDERATION MARKETING (SERVICES) LIMITED,06291023,gb,https://opencorporates.com/companies/gb/06291023
Derek Vaughan,DEREK NIGEL VAUGHAN,director,CHEQUE-IT LIMITED,04013066,gb,https://opencorporates.com/companies/gb/04013066
Derek Vaughan,DEREK NIGEL VAUGHAN,director,EASY QUOTE (UK) LIMITED,03988842,gb,https://opencorporates.com/companies/gb/03988842
Derek Vaughan,DEREK NIGEL VAUGHAN,director,ALLIED TRADES CONFEDERATION LIMITED,04022985,gb,https://opencorporates.com/companies/gb/04022985
Derek Vaughan,DEREK NIGEL VAUGHAN,director,CONFEDERATION MARKETING LIMITED,04693629,gb,https://opencorporates.com/companies/gb/04693629
Jayne Bryant,JAYNE BRYANT,director,BPN SMALL PROJECTS LIMITED,06417230,gb,https://opencorporates.com/companies/gb/06417230
Jayne Bryant,JAYNE BRYANT,secretary,SMALL COMPANY REPORTING LIMITED,02683274,gb,https://opencorporates.com/companies/gb/02683274
Jayne Bryant,JAYNE BRYANT,director,SMALL COMPANY REPORTING LIMITED,02683274,gb,https://opencorporates.com/companies/gb/02683274
Jayne Bryant,JAYNE BRYANT,director,NEWPORT WOMENS AID LIMITED,02537132,gb,https://opencorporates.com/companies/gb/02537132
Jayne Bryant,JAYNE ELIZABETH BRYANT,director,PENDARVES VILLA MANAGEMENT COMPANY LIMITED,06684244,gb,https://opencorporates.com/companies/gb/06684244
Jayne Bryant,JAYNE KATHRYN BRYANT,director,HAIR DOO LTD,08176375,gb,https://opencorporates.com/companies/gb/08176375
Jayne Bryant,LISA JAYNE BRYANT,director,JMB FOOD SERVICES LTD.,07151830,gb,https://opencorporates.com/companies/gb/07151830
Jayne Bryant,MELANIE JAYNE BRYANT,director,DEVERDE LTD,08361107,gb,https://opencorporates.com/companies/gb/08361107
Jayne Bryant,MELANIE JAYNE BRYANT,director,DE VERDE TECHNOLOGIES LIMITED,06724303,gb,https://opencorporates.com/companies/gb/06724303
Jayne Bryant,MICHELLE JAYNE BRYANT,director,SONIC COMMUNICATIONS (INTERNATIONAL) LIMITED,01248257,gb,https://opencorporates.com/companies/gb/01248257
Jayne Bryant,NICOLA JAYNE BRYANT,director,COLCHESTER SHOTOKAN KARATE CLUB LIMITED,04178887,gb,https://opencorporates.com/companies/gb/04178887
Jayne Bryant,NICOLA JAYNE BRYANT,director,SEC HIGHWAY LIGHTING (NO.2) LIMITED,04635671,gb,https://opencorporates.com/companies/gb/04635671
Jayne Bryant,NICOLA JAYNE BRYANT,secretary,AMBER AIRCRAFT SERVICES LIMITED,05533531,gb,https://opencorporates.com/companies/gb/05533531
Jayne Bryant,NICOLA JAYNE BRYANT,secretary,MEDINA PRINTING COMPANY LIMITED,02719802,gb,https://opencorporates.com/companies/gb/02719802
Jayne Bryant,NICOLA JAYNE BRYANT,secretary,FAIRHALL & BRYANT LIMITED,07730015,gb,https://opencorporates.com/companies/gb/07730015
Jayne Bryant,NICOLA JAYNE BRYANT,secretary,LACEYS (PRINTERS) LIMITED,01820370,gb,https://opencorporates.com/companies/gb/01820370
Jayne Bryant,NICOLA JAYNE BRYANT,director,CONNECT ROADS SUNDERLAND LIMITED,04693607,gb,https://opencorporates.com/companies/gb/04693607
Jayne Bryant,NICOLA JAYNE BRYANT,director,ISLINGTON LIGHTING LIMITED,04635617,gb,https://opencorporates.com/companies/gb/04635617
Jayne Bryant,NICOLA JAYNE BRYANT,director,ISLINGTON LIGHTING (FINANCE) LIMITED,04635613,gb,https://opencorporates.com/companies/gb/04635613
Jayne Bryant,NICOLA JAYNE BRYANT,director,CONNECT ROADS SUNDERLAND HOLDINGS LIMITED,04698779,gb,https://opencorporates.com/companies/gb/04698779
Jayne Bryant,NICOLA JAYNE BRYANT,director,POWER ASSET DEVELOPMENT COMPANY LIMITED,02340677,gb,https://opencorporates.com/companies/gb/02340677
Jayne Bryant,NICOLA JAYNE BRYANT,director,CITY GREENWICH LEWISHAM RAIL LINK PLC,03169276,gb,https://opencorporates.com/companies/gb/03169276
Jayne Bryant,NICOLA JAYNE BRYANT,director,SUNDERLAND STREETLIGHTING LIMITED,04524734,gb,https://opencorporates.com/companies/gb/04524734
Jayne Bryant,SANDRA JAYNE BRYANT,secretary,PALMDOWN DEVELOPMENTS LIMITED,02163674,gb,https://opencorporates.com/companies/gb/02163674
Jayne Bryant,SANDRA JAYNE BRYANT,director,PALMDOWN DEVELOPMENTS LIMITED,02163674,gb,https://opencorporates.com/companies/gb/02163674
Alex Thomas,ALEX ALWIN THOMAS,director,DALIANS LIMITED,07706956,gb,https://opencorporates.com/companies/gb/07706956
Alex Thomas,ALEX IVAN THOMAS,director,94 BRONDESBURY ROAD MANAGEMENT COMPANY LIMITED,07741252,gb,https://opencorporates.com/companies/gb/07741252
Alex Thomas,ALEX JAMES THOMAS RICHARDS,director,SOCIALREL8 LTD,07851629,gb,https://opencorporates.com/companies/gb/07851629
Alex Thomas,ALEX JOHN THOMAS,secretary,TURNSTONE PROPERTY MANAGEMENT LIMITED,00799602,gb,https://opencorporates.com/companies/gb/00799602
Alex Thomas,ALEX LINSEY THOMAS,director,PSYCHE LIMITED,02844011,gb,https://opencorporates.com/companies/gb/02844011
Alex Thomas,ALEX MARK THOMAS,director,ABBA NATION LIMITED,07073097,gb,https://opencorporates.com/companies/gb/07073097
Alex Thomas,ALEX MARK THOMAS,secretary,J. A. LAMONT & CO. LIMITED,05183944,gb,https://opencorporates.com/companies/gb/05183944
Alex Thomas,ALEX RICHARD THOMAS THORPE,secretary,MANGE2RODNEY LTD,04090567,gb,https://opencorporates.com/companies/gb/04090567
Alex Thomas,ALEX RICHARD THOMAS THORPE,director,MANGE2RODNEY LTD,04090567,gb,https://opencorporates.com/companies/gb/04090567
Alex Thomas,ALEX RICHARD THOMAS THORPE,director,SOUTH SQUARE LTD,04211821,gb,https://opencorporates.com/companies/gb/04211821
Alex Thomas,ALEX RICHARD THOMAS THORPE,director,KURRAJONG SERVICE COMPANY LIMITED,00612625,gb,https://opencorporates.com/companies/gb/00612625
Alex Thomas,ALEX ROGER THOMAS,director,THOMAS PLANT MANAGEMENT LIMITED,07863726,gb,https://opencorporates.com/companies/gb/07863726
Alex Thomas,ALEX THOMAS,director,INDEPENDENT CELEBRITY LIAISON LIMITED,07568393,gb,https://opencorporates.com/companies/gb/07568393
Alex Thomas,ALEX THOMAS,director,PEOPLE'S CAR (UK) LIMITED,04301401,gb,https://opencorporates.com/companies/gb/04301401
Alex Thomas,ALEX THOMAS,director,UNION JACKS TRADITIONAL FISH & CHIPS LIMITED,05800980,gb,https://opencorporates.com/companies/gb/05800980
Alex Thomas,ALEX THOMAS,director,POYNDERS COURT LIMITED,03840805,gb,https://opencorporates.com/companies/gb/03840805
Alex Thomas,ALEX THOMAS,director,FAREAST ENTERPRISE (UK) LIMITED,08117663,gb,https://opencorporates.com/companies/gb/08117663
Alex Thomas,ALEX THOMAS,director,A T PLUMBING LIMITED,08290790,gb,https://opencorporates.com/companies/gb/08290790
Alex Thomas,ALEX THOMAS,director,THOMAS & JOSEPH LIMITED,08489895,gb,https://opencorporates.com/companies/gb/08489895
Alex Thomas,ALEX THOMAS,secretary,PSYCHE LIMITED,02844011,gb,https://opencorporates.com/companies/gb/02844011
Alex Thomas,ALEX THOMAS AHRENS,director,HANCOCKS CONFECTIONERY (UK) LIMITED,02400769,gb,https://opencorporates.com/companies/gb/02400769
Alex Thomas,ALEX THOMAS BOND,director,BOND SOFTWARE SOLUTIONS LTD,06132734,gb,https://opencorporates.com/companies/gb/06132734
Alex Thomas,ALEX THOMAS BORGES,director,11 ELMGROVE ROAD (REDLAND) MANAGEMENT COMPANY LIMITED,02292071,gb,https://opencorporates.com/companies/gb/02292071
Alex Thomas,ALEX THOMAS BROWN,director,86 COTHAM BROW MANAGEMENT LIMITED,02191087,gb,https://opencorporates.com/companies/gb/02191087
Alex Thomas,ALEX THOMAS COLEMAN,secretary,BC BIKES LIMITED,07095610,gb,https://opencorporates.com/companies/gb/07095610
Alex Thomas,ALEX THOMAS COPPIN,director,A&M FOODS (LYMINGTON) LIMITED,04709555,gb,https://opencorporates.com/companies/gb/04709555
Alex Thomas,ALEX THOMAS DAWBER,director,4BYSIX LTD,08050661,gb,https://opencorporates.com/companies/gb/08050661
Alex Thomas,ALEX THOMAS DRUETT,director,36 EAT0N RISE MANAGEMENT C0MPANY LIMITED,01484028,gb,https://opencorporates.com/companies/gb/01484028
Alex Thomas,ALEX THOMAS DUNCAN,director,MAGNUM SOFTWARE LTD,08378281,gb,https://opencorporates.com/companies/gb/08378281
Alex Thomas,ALEX THOMAS DUNCAN,director,PHILAID LTD,08365064,gb,https://opencorporates.com/companies/gb/08365064
Christina Elizabeth Rees
Alec Dauncey,ALEC DAUNCEY,director,PARTNERIAETH ECO DYFFRYN DYFI ECO VALLEY PARTNERSHIP,03825561,gb,https://opencorporates.com/companies/gb/03825561
Robert Speht,ROBERT SPEHT,director,WINDTECH CYMRU LIMITED,04435855,gb,https://opencorporates.com/companies/gb/04435855
Robert Speht,ROBERT SPEHT,director,BALANZ CO2 LIMITED,06077080,gb,https://opencorporates.com/companies/gb/06077080
Robert Speht,ROBERT SPEHT,secretary,SWANSEA BAY ENERGY PARTNERSHIP LIMITED,04814747,gb,https://opencorporates.com/companies/gb/04814747
Robert Speht,ROBERT SPEHT,director,FRESH APPROACH TO LIMITED,05903618,gb,https://opencorporates.com/companies/gb/05903618
Robert Speht,ROBERT SPEHT,secretary,MELYN GWYNT LIMITED,04832514,gb,https://opencorporates.com/companies/gb/04832514
Robert Speht,ROBERT SPEHT,director,SWANSEA & MUMBLES RAILWAY COMPANY LIMITED,07524554,gb,https://opencorporates.com/companies/gb/07524554
Robert Speht,ROBERT SPEHT,director,ENERGYTECH LIMITED,04061486,gb,https://opencorporates.com/companies/gb/04061486
Robert Speht,ROBERT SPEHT,director,SWANSEA BAY ENERGY PARTNERSHIP LIMITED,04814747,gb,https://opencorporates.com/companies/gb/04814747
Robert Speht,ROBERT SPEHT,secretary,OUTSMART WIND PROFESSIONALS LIMITED,08644410,gb,https://opencorporates.com/companies/gb/08644410
Robert Speht,ROBERT SPEHT,director,OUTSMART WIND PROFESSIONALS LIMITED,08644410,gb,https://opencorporates.com/companies/gb/08644410
Jackie Radford,JACKIE RADFORD,llp member,PROJECT NETWORK LLP,OC360533,gb,https://opencorporates.com/companies/gb/OC360533
Jackie Radford,JACKIE RADFORD,director,EP MARKETING LOGISTICS LIMITED,07329824,gb,https://opencorporates.com/companies/gb/07329824
Bruce Roberts,ADRIAN BRUCE ROBERTS,director,P3CO SOLUTIONS LIMITED,05427009,gb,https://opencorporates.com/companies/gb/05427009
Bruce Roberts,ALASDAIR FRANCIS BRUCE ROBERTS,director,MALLAIG & DISTRICT NEWSPAPER LIMITED,SC151775,gb,https://opencorporates.com/companies/gb/SC151775
Bruce Roberts,BRUCE ADRIAN ROBERTS,secretary,ROBERTS ASSOCIATES UK LIMITED,06576678,gb,https://opencorporates.com/companies/gb/06576678
Bruce Roberts,BRUCE ADRIAN ROBERTS,director,ROBERTS ASSOCIATES UK LIMITED,06576678,gb,https://opencorporates.com/companies/gb/06576678
Bruce Roberts,BRUCE DAVID ROBERTS,director,TAIL WHIP LTD,07721200,gb,https://opencorporates.com/companies/gb/07721200
Bruce Roberts,BRUCE DAVID ROBERTS,director,BRUCE ROBERTS ENTERPRISES LTD,07072977,gb,https://opencorporates.com/companies/gb/07072977
Bruce Roberts,BRUCE GEORGE ROBERTS,director,SECURB MARINE CONSULTANTS LIMITED,03318176,gb,https://opencorporates.com/companies/gb/03318176
Bruce Roberts,BRUCE GORDON ROBERTS,director,BRUCE G ROBERTS LIMITED,06741933,gb,https://opencorporates.com/companies/gb/06741933
Bruce Roberts,BRUCE JAMES ROBERTS,director,THE SAWARD ROBERTS STUDIO LIMITED,02769621,gb,https://opencorporates.com/companies/gb/02769621
Bruce Roberts,BRUCE JAMES ROBERTS,director,SAWARD ROBERTS LIMITED,05108999,gb,https://opencorporates.com/companies/gb/05108999
Bruce Roberts,BRUCE ROBERTS,director,KAKA RIDGES UK LIMITED,05104694,gb,https://opencorporates.com/companies/gb/05104694
Bruce Roberts,BRUCE ROBERTS,director,BRUCE ROBERTS CONSULTANT METALLURGIST LIMITED,04966609,gb,https://opencorporates.com/companies/gb/04966609
Bruce Roberts,BRUCE ROBERTS,director,WIDEORBIT INC.,FC026572,gb,https://opencorporates.com/companies/gb/FC026572
Bruce Roberts,BRUCE ROBERTS,secretary,CHACELEY GRANGE MANAGEMENT COMPANY LIMITED,05461042,gb,https://opencorporates.com/companies/gb/05461042
Bruce Roberts,BRUCE ROBERTS,director,CHACELEY GRANGE MANAGEMENT COMPANY LIMITED,05461042,gb,https://opencorporates.com/companies/gb/05461042
Bruce Roberts,BRUCE ROBERTS,director,KONICA MINOLTA BUSINESS SOLUTIONS (WALES) LIMITED,00964632,gb,https://opencorporates.com/companies/gb/00964632
Bruce Roberts,BRUCE ROBERTS,director,EVIE CONSULTING LIMITED,03804012,gb,https://opencorporates.com/companies/gb/03804012
Bruce Roberts,BRUCE SIMON SPEARING ROBERTS,director,BRUCE ROBERTS & CO LIMITED,04458413,gb,https://opencorporates.com/companies/gb/04458413
Bruce Roberts,BRUCE SIMON SPEARING ROBERTS,director,BRUCE ROBERTS (WREXHAM) LIMITED,04001129,gb,https://opencorporates.com/companies/gb/04001129
Bruce Roberts,BRUCE SIMON SPEARING ROBERTS,director,SWIMMING AGAINST THE TIDE LIMITED,08061549,gb,https://opencorporates.com/companies/gb/08061549
Bruce Roberts,BRUCE TREVOR ROBERTS,director,SEASERVERS LIMITED,00890342,gb,https://opencorporates.com/companies/gb/00890342
Bruce Roberts,BRUCE TREVOR ROBERTS,director,COOMBE HOUSE ESTATE RESIDENTS' ASSOCIATION LIMITED,00780383,gb,https://opencorporates.com/companies/gb/00780383
Bruce Roberts,BRYAN BRUCE ROBERTS,director,X 22 SOLUTIONS LIMITED,06871426,gb,https://opencorporates.com/companies/gb/06871426
Bruce Roberts,BRYAN BRUCE ROBERTS,director,WYEDEAN SCHOOL AND SIXTH FORM CENTRE,07735863,gb,https://opencorporates.com/companies/gb/07735863
Bruce Roberts,CHRISTOPHER BRUCE ROBERTS,director,INTEGRAL SYSTEMS EUROPE LIMITED,06816130,gb,https://opencorporates.com/companies/gb/06816130
Bruce Roberts,DAVID BRUCE ROBERTS,director,JODACOL CONSTRUCTION LIMITED,01490055,gb,https://opencorporates.com/companies/gb/01490055
Bruce Roberts,DAVID BRUCE ROBERTS,director,W-S CAFFRO VENTURES LIMITED,02952826,gb,https://opencorporates.com/companies/gb/02952826
Bruce Roberts,DAVID BRUCE ROBERTS,director,"CAFFRO CONSTRUCTION CO., LIMITED",01378345,gb,https://opencorporates.com/companies/gb/01378345
Bruce Roberts,DAVID BRUCE ROBERTS,secretary,B.O.C. KITCHENS LIMITED,02432223,gb,https://opencorporates.com/companies/gb/02432223
Bruce Roberts,DAVID BRUCE ROBERTS,director,METRAWEATHER (UK) LIMITED,04833498,gb,https://opencorporates.com/companies/gb/04833498
Robert David Griffiths,DAVID ROBERT GRIFFITHS,director,ONLINE DYNAMICS LIMITED,04326863,gb,https://opencorporates.com/companies/gb/04326863
Robert David Griffiths,DAVID ROBERT GRIFFITHS,secretary,ONLINE DYNAMICS LIMITED,04326863,gb,https://opencorporates.com/companies/gb/04326863
Robert David Griffiths,DAVID ROBERT GRIFFITHS,director,ACCOUNTS PAYABLE NEWS LTD,06751637,gb,https://opencorporates.com/companies/gb/06751637
Robert David Griffiths,DAVID ROBERT GRIFFITHS,director,FISCAL TECHNOLOGIES LTD.,04801836,gb,https://opencorporates.com/companies/gb/04801836
Robert David Griffiths,DAVID ROBERT GRIFFITHS,secretary,TOP SASH RESTORATION LTD,06312214,gb,https://opencorporates.com/companies/gb/06312214
Robert David Griffiths,DAVID ROBERT GRIFFITHS,director,INTERNATIONAL ACCOUNTS PAYABLE PROFESSIONALS,06911174,gb,https://opencorporates.com/companies/gb/06911174
Robert David Griffiths,DAVID ROBERT GRIFFITHS,director,FISCALTEC GROUP LIMITED,04801615,gb,https://opencorporates.com/companies/gb/04801615
Robert David Griffiths,DAVID ROBERT GRIFFITHS,director,AMICAL LTD,08737523,gb,https://opencorporates.com/companies/gb/08737523
Robert David Griffiths,DAVID ROBERT LLOYD GRIFFITHS,secretary,EUROPEAN INTERNET LIMITED,03963096,gb,https://opencorporates.com/companies/gb/03963096
Robert David Griffiths,DAVID ROBERT LLOYD GRIFFITHS,director,EUROPEAN INTERNET TECHNOLOGIES LIMITED,03462033,gb,https://opencorporates.com/companies/gb/03462033
Robert David Griffiths,DAVID ROBERT LLOYD GRIFFITHS,secretary,MAGNEST LIMITED,02794612,gb,https://opencorporates.com/companies/gb/02794612
Robert David Griffiths,DAVID ROBERT LLOYD GRIFFITHS,director,THE BUSINESS CAMPUS LIMITED,03729214,gb,https://opencorporates.com/companies/gb/03729214
Robert David Griffiths,DAVID ROBERT LLOYD GRIFFITHS,secretary,EUROPEAN INTERNET TECHNOLOGIES LIMITED,03462033,gb,https://opencorporates.com/companies/gb/03462033
Robert David Griffiths,DAVID ROBERT NEILL GRIFFITHS,director,OAKLEAF OF ENGLAND LIMITED,02686973,gb,https://opencorporates.com/companies/gb/02686973
Robert David Griffiths,DAVID ROBERT NEILL GRIFFITHS,director,HAMPTON GARDENS MAINTENANCE LIMITED,00882906,gb,https://opencorporates.com/companies/gb/00882906
Robert David Griffiths,ROBERT DAVID GRIFFITHS,director,DOROTHY GRIFFITHS FINE ART LIMITED,02484445,gb,https://opencorporates.com/companies/gb/02484445
Robert David Griffiths,ROBERT DAVID GRIFFITHS,secretary,E.W. NEVILLE-GILBERT LIMITED,02671531,gb,https://opencorporates.com/companies/gb/02671531
Robert David Griffiths,ROBERT DAVID GRIFFITHS,secretary,"AMI MIDDLE EAST SERVICES,LTD",FC013183,gb,https://opencorporates.com/companies/gb/FC013183
Robert David Griffiths,ROBERT DAVID GRIFFITHS,secretary,IMPULSE TRADING LIMITED,04052966,gb,https://opencorporates.com/companies/gb/04052966
Robert David Griffiths,ROBERT DAVID GRIFFITHS,director,RDG PUBLISHING & TELEMARKETING LTD,07826491,gb,https://opencorporates.com/companies/gb/07826491
Robert David Griffiths,ROBERT DAVID GRIFFITHS,director,L.G. DEVELOPMENTS LIMITED,04914061,gb,https://opencorporates.com/companies/gb/04914061
Robert David Griffiths,ROBERT DAVID GRIFFITHS,secretary,POLLYMILL LIMITED,03896919,gb,https://opencorporates.com/companies/gb/03896919
Robert David Griffiths,ROBERT DAVID GRIFFITHS,director,POLLYMILL LIMITED,03896919,gb,https://opencorporates.com/companies/gb/03896919
Robert David Griffiths,ROBERT DAVID GRIFFITHS,director,PIPELINE INTERNET LIMITED,03893674,gb,https://opencorporates.com/companies/gb/03893674
Robert David Griffiths,ROBERT DAVID GRIFFITHS,director,COMMUNITY DEVELOPMENT CYMRU-DATBLYGU CYMUNEDOL CYMRU CYF,04914228,gb,https://opencorporates.com/companies/gb/04914228
Robert David Griffiths,ROBERT DAVID GRIFFITHS,director,SOLU SOLUTIONS MANAGEMENT LTD,NI072728,gb,https://opencorporates.com/companies/gb/NI072728
Robert David Griffiths,ROBERT DAVID GRIFFITHS,director,IMPULSE TRADING LIMITED,04052966,gb,https://opencorporates.com/companies/gb/04052966
Robert David Griffiths,ROBERT DAVID GRIFFITHS,director,"AMI MIDDLE EAST SERVICES,LTD",FC013183,gb,https://opencorporates.com/companies/gb/FC013183
Robert David Griffiths,ROBERT DAVID GRIFFITHS,director,KENWOOD ELECTRONICS UK LIMITED,01810214,gb,https://opencorporates.com/companies/gb/01810214
Robert David Griffiths,ROBERT DAVID GRIFFITHS,director,PIONEER GB LIMITED,00512829,gb,https://opencorporates.com/companies/gb/00512829
Claire Job
Steven Skelly,STEVEN SKELLY,director,"THE NATIONAL UNION OF RAIL, MARITIME AND TRANSPORT WORKERS PENSION SCHEME TRUSTEE LIMITED",01008371,gb,https://opencorporates.com/companies/gb/01008371
Laura Picand
Jill Evans,ANGELA JILL EVANS,director,SUNRYDERS,05133754,gb,https://opencorporates.com/companies/gb/05133754
Jill Evans,ANGELA JILL EVANS,director,ISLE OF WIGHT RAILWAY COMPANY LIMITED (THE),01068690,gb,https://opencorporates.com/companies/gb/01068690
Jill Evans,ANGELA JILL EVANS,director,IWR TRADING LIMITED,02769446,gb,https://opencorporates.com/companies/gb/02769446
Jill Evans,BEVERLEY JILL EVANS,director,THE SOLUTION STUDIOS LIMITED,01445442,gb,https://opencorporates.com/companies/gb/01445442
Jill Evans,BEVERLEY JILL EVANS,director,IAN EVANS ASSOCIATES LIMITED,03000055,gb,https://opencorporates.com/companies/gb/03000055
Jill Evans,BEVERLEY JILL EVANS,secretary,IAN EVANS ASSOCIATES LIMITED,03000055,gb,https://opencorporates.com/companies/gb/03000055
Jill Evans,CHRISTINE JILL EVANS,director,IBIS FLIGHT TEST LIMITED,04457898,gb,https://opencorporates.com/companies/gb/04457898
Jill Evans,DEBORAH JILL EVANS,secretary,DAVE EVANS RACING CLUB LIMITED,03614824,gb,https://opencorporates.com/companies/gb/03614824
Jill Evans,DEBORAH JILL EVANS,director,DAVE EVANS RACING CLUB LIMITED,03614824,gb,https://opencorporates.com/companies/gb/03614824
Jill Evans,JILL ALISON EVANS,director,CALEA UK LIMITED,02506615,gb,https://opencorporates.com/companies/gb/02506615
Jill Evans,JILL ALISON EVANS,secretary,DR. DAVID EVANS M.D. LTD.,04597458,gb,https://opencorporates.com/companies/gb/04597458
Jill Evans,JILL ALISON EVANS,director,NICHOLSONS HEALTH CARE LIMITED,02506674,gb,https://opencorporates.com/companies/gb/02506674
Jill Evans,JILL ALISON EVANS,director,FHC (HOLDINGS) LIMITED,00886829,gb,https://opencorporates.com/companies/gb/00886829
Jill Evans,JILL ALISON EVANS,director,FRESENIUS KABI LIMITED,02182135,gb,https://opencorporates.com/companies/gb/02182135
Jill Evans,JILL ALISON EVANS,director,O & E PROPERTIES LIMITED,08881064,gb,https://opencorporates.com/companies/gb/08881064
Jill Evans,JILL ANNE EVANS,secretary,LONSDALE LOCUMS LTD,05601638,gb,https://opencorporates.com/companies/gb/05601638
Jill Evans,JILL AUDREY EVANS,director,THE FLOORING CENTRE (2007) LIMITED,04678218,gb,https://opencorporates.com/companies/gb/04678218
Jill Evans,JILL CHRISTINE EVANS,director,JCE LIVERY LIMITED,06753405,gb,https://opencorporates.com/companies/gb/06753405
Jill Evans,JILL ELAINE EVANS,director,REXTON TRADING LTD,08742274,gb,https://opencorporates.com/companies/gb/08742274
Jill Evans,JILL EVANS,secretary,LEWIS EVANS ELECTRICAL SERVICES (CWMBRAN) LIMITED,02288894,gb,https://opencorporates.com/companies/gb/02288894
Jill Evans,JILL EVANS,secretary,EDWARD D. EVANS LIMITED,01111276,gb,https://opencorporates.com/companies/gb/01111276
Jill Evans,JILL EVANS,director,FRONT NINE GOLF LIMITED,04190509,gb,https://opencorporates.com/companies/gb/04190509
Jill Evans,JILL EVANS,director,HITABIT LTD,08391073,gb,https://opencorporates.com/companies/gb/08391073
Jill Evans,JILL EVANS,director,KEYS RESIDENTIAL LIMITED,01164224,gb,https://opencorporates.com/companies/gb/01164224
Jill Evans,JILL EVANS,secretary,HEALTHWORKS IN LONDON,04725138,gb,https://opencorporates.com/companies/gb/04725138
Jill Evans,JILL EVANS,secretary,KEYS RESIDENTIAL HOLDINGS LIMITED,04255799,gb,https://opencorporates.com/companies/gb/04255799
Jill Evans,JILL EVANS,director,KEYS RESIDENTIAL HOLDINGS LIMITED,04255799,gb,https://opencorporates.com/companies/gb/04255799
Jill Evans,JILL EVANS,director,NODDFA CHAPEL COMMUNITY PROJECT LIMITED,03674466,gb,https://opencorporates.com/companies/gb/03674466
Jill Evans,JILL EVANS,director,1ST CLASS TYRES & AUTOCARE LIMITED,05412364,gb,https://opencorporates.com/companies/gb/05412364
Jill Evans,JILL EVANS,secretary,1ST CLASS TYRES & AUTOCARE LIMITED,05412364,gb,https://opencorporates.com/companies/gb/05412364
Marc Jones,ANDREW MARC JONES,director,MEADOWHALL OASIS LIMITED,02499857,gb,https://opencorporates.com/companies/gb/02499857
Marc Jones,ANDREW MARC JONES,director,WATES CITY DEVELOPMENT MANAGEMENT LIMITED,02985007,gb,https://opencorporates.com/companies/gb/02985007
Marc Jones,ANDREW MARC JONES,director,PARINV (BILSTON) LIMITED,02783375,gb,https://opencorporates.com/companies/gb/02783375
Marc Jones,ANDREW MARC JONES,director,PILLAR LEISURE LIMITED,03503957,gb,https://opencorporates.com/companies/gb/03503957
Marc Jones,ANDREW MARC JONES,director,BVP INVESTMENTS LIMITED,03568136,gb,https://opencorporates.com/companies/gb/03568136
Marc Jones,ANDREW MARC JONES,director,BL WEST ( 1 FLEET PLACE) LIMITED,04007746,gb,https://opencorporates.com/companies/gb/04007746
Marc Jones,ANDREW MARC JONES,director,PILLAR NORTHERN LIMITED,03243311,gb,https://opencorporates.com/companies/gb/03243311
Marc Jones,ANDREW MARC JONES,director,PILLAR BRENT CROSS LIMITED,03088863,gb,https://opencorporates.com/companies/gb/03088863
Marc Jones,ANDREW MARC JONES,director,SAVEPOST LIMITED,05237356,gb,https://opencorporates.com/companies/gb/05237356
Marc Jones,ANDREW MARC JONES,director,BRITISH LAND SILVER MOON LIMITED,FC027571,gb,https://opencorporates.com/companies/gb/FC027571
Marc Jones,ANDREW MARC JONES,director,BRITISH LAND FIRMOUNT LIMITED,FC027574,gb,https://opencorporates.com/companies/gb/FC027574
Marc Jones,ANDREW MARC JONES,director,BRITISH LAND ARCH PROPERTIES LIMITED,FC027569,gb,https://opencorporates.com/companies/gb/FC027569
Marc Jones,ANDREW MARC JONES,director,CLIVARA LIMITED,05137615,gb,https://opencorporates.com/companies/gb/05137615
Marc Jones,ANDREW MARC JONES,director,BLSSP (PHC 31) LIMITED,04104075,gb,https://opencorporates.com/companies/gb/04104075
Marc Jones,ANDREW MARC JONES,director,BLSSP (PHC 15) LIMITED,04104134,gb,https://opencorporates.com/companies/gb/04104134
Marc Jones,ANDREW MARC JONES,director,MEADOWHALL NOMINEE 2 LIMITED,05987129,gb,https://opencorporates.com/companies/gb/05987129
Marc Jones,ANDREW MARC JONES,director,PILLAR DENTON LIMITED,02982293,gb,https://opencorporates.com/companies/gb/02982293
Marc Jones,ANDREW MARC JONES,director,BL OFFICE HOLDING COMPANY LIMITED,05995028,gb,https://opencorporates.com/companies/gb/05995028
Marc Jones,ANDREW MARC JONES,director,BF PROPCO (NO.22) LIMITED,05270305,gb,https://opencorporates.com/companies/gb/05270305
Marc Jones,ANDREW MARC JONES,director,BF PROPCO (NO.21) LIMITED,05270253,gb,https://opencorporates.com/companies/gb/05270253
Marc Jones,ANDREW MARC JONES,director,BF PROPCO (NO.16) LIMITED,05270086,gb,https://opencorporates.com/companies/gb/05270086
Marc Jones,ANDREW MARC JONES,director,MEADOWHALL FINANCE PLC,05987141,gb,https://opencorporates.com/companies/gb/05987141
Marc Jones,ANDREW MARC JONES,director,MEADOWBANK RETAIL PARK EDINBURGH LIMITED,05489809,gb,https://opencorporates.com/companies/gb/05489809
Marc Jones,ANDREW MARC JONES,director,B.L.HOLDINGS LIMITED,00000529,gb,https://opencorporates.com/companies/gb/00000529
Marc Jones,ANDREW MARC JONES,director,BRITISH LAND HERCULES NO.1 LIMITED,03527580,gb,https://opencorporates.com/companies/gb/03527580
Marc Jones,ANDREW MARC JONES,director,RIVERWAY ESTATES LIMITED,05506790,gb,https://opencorporates.com/companies/gb/05506790
Marc Jones,ANDREW MARC JONES,director,BL UNIVERSAL LIMITED,00324647,gb,https://opencorporates.com/companies/gb/00324647
Marc Jones,ANDREW MARC JONES,director,BRUNSWICK PARK LIMITED,01982351,gb,https://opencorporates.com/companies/gb/01982351
Marc Jones,ANDREW MARC JONES,director,GRANTCHESTER NOMINEES (TORBAY 2) LIMITED,04318248,gb,https://opencorporates.com/companies/gb/04318248
Marc Jones,ANDREW MARC JONES,director,PENCILSCREEN LIMITED,06532033,gb,https://opencorporates.com/companies/gb/06532033
Steven Cornelius,BARRIE STEVEN CORNELIUS,director,BCS (GB) LTD,05812466,gb,https://opencorporates.com/companies/gb/05812466
Steven Cornelius,STEVEN CORNELIUS,director,S.G.C. CONSULTING LIMITED,03507573,gb,https://opencorporates.com/companies/gb/03507573
Steven Cornelius,STEVEN CORNELIUS,director,FLOW FREE DRAINAGE LIMITED,05743886,gb,https://opencorporates.com/companies/gb/05743886
Steven Cornelius,STEVEN CORNELIUS KAPPEN,director,VILLAGE ROADSHOW INVESTMENTS UK LIMITED,03258743,gb,https://opencorporates.com/companies/gb/03258743
Steven Cornelius,STEVEN CORNELIUS KAPPEN,director,VILLAGE ROADSHOW LICENSING & FINANCE LIMITED,03132270,gb,https://opencorporates.com/companies/gb/03132270
Steven Cornelius,STEVEN CORNELIUS KAPPEN,director,VILLAGE THEATRES 3 LIMITED,03819921,gb,https://opencorporates.com/companies/gb/03819921
Ioan Bellin,IOAN RHYS BELLIN,director,HAXBY COURT (CARDIFF) MANAGEMENT COMPANY LIMITED,05632125,gb,https://opencorporates.com/companies/gb/05632125
Andrew Jordan,ANDREW CHRISTOPHER JORDAN,director,STEWART-WARNER ELECTRONICS LIMITED,03733244,gb,https://opencorporates.com/companies/gb/03733244
Andrew Jordan,ANDREW CHRISTOPHER JORDAN,director,CASTLEFIELD TRAINING LIMITED,02989624,gb,https://opencorporates.com/companies/gb/02989624
Andrew Jordan,ANDREW CHRISTOPHER JORDAN,director,"7, ACOL ROAD LIMITED",01497555,gb,https://opencorporates.com/companies/gb/01497555
Andrew Jordan,ANDREW CHRISTOPHER JORDAN,director,MAL TOOL & ENGINEERING LIMITED,01942627,gb,https://opencorporates.com/companies/gb/01942627
Andrew Jordan,ANDREW CHRISTOPHER JORDAN,director,TFX GROUP LIMITED,02884361,gb,https://opencorporates.com/companies/gb/02884361
Andrew Jordan,ANDREW CHRISTOPHER JORDAN,director,ENJOYUNI LIMITED,07039882,gb,https://opencorporates.com/companies/gb/07039882
Andrew Jordan,ANDREW CHRISTOPHER JORDAN,director,DERWENT UPHOLSTERY LIMITED,01598567,gb,https://opencorporates.com/companies/gb/01598567
Andrew Jordan,ANDREW DAVID JORDAN,director,ATAM (UK) LIMITED,03865372,gb,https://opencorporates.com/companies/gb/03865372
Andrew Jordan,ANDREW DAVID JORDAN,director,FOOTLABS LIMITED,06670099,gb,https://opencorporates.com/companies/gb/06670099
Andrew Jordan,ANDREW DAVID JORDAN,director,MLS INVESTMENTS (UK) LIMITED,02706295,gb,https://opencorporates.com/companies/gb/02706295
Andrew Jordan,ANDREW DAVID JORDAN,llp designated member,LJB HEALTHCARE LLP,OC366250,gb,https://opencorporates.com/companies/gb/OC366250
Andrew Jordan,ANDREW EDWARD JORDAN,director,AARDWOLF LIMITED,04956366,gb,https://opencorporates.com/companies/gb/04956366
Andrew Jordan,ANDREW GRAHAM BAS JORDAN,director,AYUTTHAYA TRIPS AND TOURS LIMITED,08108851,gb,https://opencorporates.com/companies/gb/08108851
Andrew Jordan,ANDREW HAMILTON-JORDAN,director,BUSINESS DECISION SUPPORT LIMITED,01897125,gb,https://opencorporates.com/companies/gb/01897125
Andrew Jordan,ANDREW HAMILTON-JORDAN,director,ARLINGHAM CONSULTING GROUP LIMITED,02525528,gb,https://opencorporates.com/companies/gb/02525528
Andrew Jordan,ANDREW HAMILTON-JORDAN,secretary,ARLINGHAM CONSULTING GROUP LIMITED,02525528,gb,https://opencorporates.com/companies/gb/02525528
Andrew Jordan,ANDREW HAMILTON-JORDAN,secretary,CRESSWELL PROPERTY SURVEYS LIMITED,04073889,gb,https://opencorporates.com/companies/gb/04073889
Andrew Jordan,ANDREW IAN JORDAN,director,JORDAN DRYLINING LIMITED,04252195,gb,https://opencorporates.com/companies/gb/04252195
Andrew Jordan,ANDREW IAN JORDAN,director,TAPER LIMITED,05033504,gb,https://opencorporates.com/companies/gb/05033504
Andrew Jordan,ANDREW JAMES JORDAN,director,BUSY FINGERS LIMITED,04185689,gb,https://opencorporates.com/companies/gb/04185689
Andrew Jordan,ANDREW JAMES JORDAN,director,W V JORDAN & CO LIMITED,05598216,gb,https://opencorporates.com/companies/gb/05598216
Andrew Jordan,ANDREW JOHN JORDAN,director,LEXICAT GROUP LIMITED,04489728,gb,https://opencorporates.com/companies/gb/04489728
Andrew Jordan,ANDREW JOHN JORDAN,director,JORDAN IT SERVICES LIMITED,04426608,gb,https://opencorporates.com/companies/gb/04426608
Andrew Jordan,ANDREW JOHN JORDAN,director,ADVANCING BUSINESS LIMITED,04428038,gb,https://opencorporates.com/companies/gb/04428038
Andrew Jordan,ANDREW JOHN JORDAN,director,MARKETING TEAM RECRUITMENT LIMITED,07502218,gb,https://opencorporates.com/companies/gb/07502218
Andrew Jordan,ANDREW JOHN JORDAN,director,MARKETING TEAM DIRECT LIMITED,04295148,gb,https://opencorporates.com/companies/gb/04295148
Andrew Jordan,ANDREW JORDAN,director,BASEDIAL LIMITED,02227185,gb,https://opencorporates.com/companies/gb/02227185
Andrew Jordan,ANDREW JORDAN,secretary,INFORMOTION LIMITED,03473498,gb,https://opencorporates.com/companies/gb/03473498
Andrew Jordan,ANDREW JORDAN,director,DEXTRICK FINANCIAL CONSULTANTS LIMITED,06049960,gb,https://opencorporates.com/companies/gb/06049960
Andrew Jordan,ANDREW JORDAN,director,QUICKNETS LIMITED,04852543,gb,https://opencorporates.com/companies/gb/04852543
Kathrine Jones,KATHRINE JONES,director,STARMANS HALL CANOLFAN CANFOD,02741430,gb,https://opencorporates.com/companies/gb/02741430
Kathrine Jones,KATHRINE LLOYD JONES,director,KLJ MANAGEMENT LIMITED,08442839,gb,https://opencorporates.com/companies/gb/08442839
Kathrine Jones,KATHRINE LLOYD JONES,director,DTCC DERIVATIVES REPOSITORY LTD,07278142,gb,https://opencorporates.com/companies/gb/07278142
Kathrine Jones,KATHRINE LLOYD JONES,director,THE FOOD CHAIN (UK) LIMITED,02580505,gb,https://opencorporates.com/companies/gb/02580505
Kathrine Jones,KATHRINE MADELENE JONES,secretary,BROOK COURT DEVELOPMENT LIMITED,01035463,gb,https://opencorporates.com/companies/gb/01035463
Kathrine Jones,KATHRINE MADELENE JONES,director,BROOK COURT DEVELOPMENT LIMITED,01035463,gb,https://opencorporates.com/companies/gb/01035463
Kathrine Jones,KATHRINE MARGARET JONES,director,CLEMENTS HALL TRUST,04088514,gb,https://opencorporates.com/companies/gb/04088514
Kathrine Jones,MARGARET KATHRINE JONES,director,EVERING ROAD FREEHOLD COMPANY LIMITED,02720506,gb,https://opencorporates.com/companies/gb/02720506
David Lloyd Jones,ADAM DAVID LLOYD JONES,director,APPOINTMENTS-UK LIMITED,04715802,gb,https://opencorporates.com/companies/gb/04715802
David Lloyd Jones,DAVID ALUN LLOYD JONES,director,STAR CORPORATE CONTRACTING LIMITED,02738224,gb,https://opencorporates.com/companies/gb/02738224
David Lloyd Jones,DAVID ALUN LLOYD JONES,secretary,STAR CORPORATE CONTRACTING LIMITED,02738224,gb,https://opencorporates.com/companies/gb/02738224
David Lloyd Jones,DAVID ALUN LLOYD JONES,director,YEWLANDS MANAGEMENT LIMITED,01939648,gb,https://opencorporates.com/companies/gb/01939648
David Lloyd Jones,DAVID ALUN LLOYD JONES,director,FONTLEIGH DEVELOPMENTS LTD,02254981,gb,https://opencorporates.com/companies/gb/02254981
David Lloyd Jones,DAVID ALWYN LLOYD JONES,director,ACORN FENCING LIMITED,03715654,gb,https://opencorporates.com/companies/gb/03715654
David Lloyd Jones,DAVID ALWYN LLOYD JONES,secretary,ACORN FENCING LIMITED,03715654,gb,https://opencorporates.com/companies/gb/03715654
David Lloyd Jones,DAVID ARTHUR LLOYD-JONES,director,SOCIETY OF MODEL AERONAUTICAL ENGINEERS LIMITED(THE),00457067,gb,https://opencorporates.com/companies/gb/00457067
David Lloyd Jones,DAVID EDWARD LLOYD JONES,director,IMPALA RISK & SECURITY LIMITED,07317229,gb,https://opencorporates.com/companies/gb/07317229
David Lloyd Jones,DAVID EDWARD LLOYD JONES,director,77 ERMINE STREET LIMITED,08745148,gb,https://opencorporates.com/companies/gb/08745148
David Lloyd Jones,DAVID EVAN LLOYD JONES,director,CARRINGTOWN LIMITED,02092584,gb,https://opencorporates.com/companies/gb/02092584
David Lloyd Jones,DAVID FRANCIS LLOYD-JONES,director,LAKEQUEST LIMITED,02919064,gb,https://opencorporates.com/companies/gb/02919064
David Lloyd Jones,DAVID GARETH LLOYD JONES,director,STATUS PUBLICITY LIMITED,02059623,gb,https://opencorporates.com/companies/gb/02059623
David Lloyd Jones,DAVID GARETH LLOYD JONES,director,FLCS INTERACTIVE LIMITED,03215577,gb,https://opencorporates.com/companies/gb/03215577
David Lloyd Jones,DAVID GARETH LLOYD JONES,director,FARMERSWORLD.COM LIMITED,04027841,gb,https://opencorporates.com/companies/gb/04027841
David Lloyd Jones,DAVID GARETH LLOYD JONES,director,WASTE MANAGEMENT SYSTEMS LIMITED,04418836,gb,https://opencorporates.com/companies/gb/04418836
David Lloyd Jones,DAVID GARETH LLOYD JONES,director,DIABLO CREATIVE MARKETING LTD,03564626,gb,https://opencorporates.com/companies/gb/03564626
David Lloyd Jones,DAVID GARETH LLOYD JONES,director,THE RED MONKEY MARKETING COMPANY LIMITED,07713832,gb,https://opencorporates.com/companies/gb/07713832
David Lloyd Jones,DAVID GARETH LLOYD JONES,director,COLOURWORLD WINCHESTER LIMITED,03147250,gb,https://opencorporates.com/companies/gb/03147250
David Lloyd Jones,DAVID GARETH LLOYD JONES,director,MINISTRY OF FISH MARKETING LIMITED,05349609,gb,https://opencorporates.com/companies/gb/05349609
David Lloyd Jones,DAVID GORDON LLOYD JONES,director,CAMBRIAN AUTO SERVICES LIMITED,00635335,gb,https://opencorporates.com/companies/gb/00635335
David Lloyd Jones,DAVID GWERYL LLOYD JONES ESQ,secretary,D.& D.LLOYD JONES SECURITIES LIMITED,00435452,gb,https://opencorporates.com/companies/gb/00435452
David Lloyd Jones,DAVID GWERYL LLOYD JONES ESQ,director,D.& D.LLOYD JONES SECURITIES LIMITED,00435452,gb,https://opencorporates.com/companies/gb/00435452
David Lloyd Jones,DAVID GWERYL LLOYD-JONES,director,HILLANDALE CARAVANS LIMITED,00568775,gb,https://opencorporates.com/companies/gb/00568775
David Lloyd Jones,DAVID GWERYL LLOYD-JONES,director,RIBBESFORD FINANCE LIMITED,00934026,gb,https://opencorporates.com/companies/gb/00934026
David Lloyd Jones,DAVID GWERYL LLOYD-JONES,director,LINCOMB LOCK LIMITED,00857732,gb,https://opencorporates.com/companies/gb/00857732
David Lloyd Jones,DAVID GWERYL LLOYD-JONES,secretary,LINCOMB LOCK LIMITED,00857732,gb,https://opencorporates.com/companies/gb/00857732
David Lloyd Jones,DAVID GWERYL LLOYD-JONES,secretary,HILLANDALE CARAVANS LIMITED,00568775,gb,https://opencorporates.com/companies/gb/00568775
David Lloyd Jones,DAVID HEFIN LLOYD JONES,director,TYRNEST LTD,03930892,gb,https://opencorporates.com/companies/gb/03930892
David Lloyd Jones,DAVID IVOR LLOYD JONES,llp designated member,ROBSON & MASON LLP,OC304878,gb,https://opencorporates.com/companies/gb/OC304878
Liz Screen
Brian Johnson,ADRIAN RICHARD BRIAN JOHNSON,director,ADRIAN JOHNSON STUDIO LTD,05191813,gb,https://opencorporates.com/companies/gb/05191813
Brian Johnson,ALAN BRIAN JOHNSON,director,ESPANYOL ACCOUNTANCY LIMITED,05467000,gb,https://opencorporates.com/companies/gb/05467000
Brian Johnson,ALAN BRIAN JOHNSON,director,FIGRE LIMITED,01218481,gb,https://opencorporates.com/companies/gb/01218481
Brian Johnson,ALAN BRIAN JOHNSON,director,"JOHNSON, PUDDIFOOT & LAST LIMITED",01136647,gb,https://opencorporates.com/companies/gb/01136647
Brian Johnson,ALAN BRIAN JOHNSON,director,FROGS HALL MANAGEMENT COMPANY LIMITED,05246751,gb,https://opencorporates.com/companies/gb/05246751
Brian Johnson,ALASTAIR BRIAN JOHNSON,secretary,KEENFACTOR LTD,02970504,gb,https://opencorporates.com/companies/gb/02970504
Brian Johnson,ALASTAIR BRIAN JOHNSON,director,KEENFACTOR LTD,02970504,gb,https://opencorporates.com/companies/gb/02970504
Brian Johnson,ANDREW BRIAN JOHNSON,director,TRAILWORKS LIMITED,04814072,gb,https://opencorporates.com/companies/gb/04814072
Brian Johnson,ANDREW BRIAN JOHNSON,director,ABJ PROPERTIES LIMITED,05462240,gb,https://opencorporates.com/companies/gb/05462240
Brian Johnson,ANDREW BRIAN JOHNSON,director,INCLUSIONS TRAINING AND CONSULTANCY LTD,07516982,gb,https://opencorporates.com/companies/gb/07516982
Brian Johnson,ANDREW BRIAN JOHNSON,director,LEWIS JOHNSON(BUILDERS)LIMITED,00880552,gb,https://opencorporates.com/companies/gb/00880552
Brian Johnson,ANDREW BRIAN JOHNSON,secretary,LEWIS JOHNSON(BUILDERS)LIMITED,00880552,gb,https://opencorporates.com/companies/gb/00880552
Brian Johnson,ANDREW BRIAN JOHNSON,director,MIMICA LIMITED,04391266,gb,https://opencorporates.com/companies/gb/04391266
Brian Johnson,ANTHONY BRIAN JOHNSON,director,ZEPHYR-ONE LIMITED,02814379,gb,https://opencorporates.com/companies/gb/02814379
Brian Johnson,ANTHONY BRIAN JOHNSON,secretary,IWMA MANAGEMENTS LIMITED,02426630,gb,https://opencorporates.com/companies/gb/02426630
Brian Johnson,ANTHONY BRIAN JOHNSON,secretary,IWMA EDUCATIONAL TRUST,02168159,gb,https://opencorporates.com/companies/gb/02168159
Brian Johnson,ANTHONY BRIAN JOHNSON,director,J.M.J. MAUS LIMITED,00479246,gb,https://opencorporates.com/companies/gb/00479246
Brian Johnson,ANTHONY BRIAN JOHNSON,director,IWMA EDUCATIONAL TRUST,02168159,gb,https://opencorporates.com/companies/gb/02168159
Brian Johnson,ANTHONY BRIAN JOHNSON,director,BRIDEWELL PARK (WORMLEY) MANAGEMENT COMPANY LIMITED,05612909,gb,https://opencorporates.com/companies/gb/05612909
Brian Johnson,ANTHONY BRIAN JOHNSON,director,MITO CONSTRUCTION & ENGINEERING LIMITED,01234885,gb,https://opencorporates.com/companies/gb/01234885
Brian Johnson,BRIAN ALAN JOHNSON,director,JOHNSON BIM LIMITED,08257905,gb,https://opencorporates.com/companies/gb/08257905
Brian Johnson,BRIAN ALAN JOHNSON,director,JOHNSON RECRUITMENT LIMITED,06707953,gb,https://opencorporates.com/companies/gb/06707953
Brian Johnson,BRIAN ALBERT JOHNSON,director,ZODIAC SECURITIES LIMITED,03131112,gb,https://opencorporates.com/companies/gb/03131112
Brian Johnson,BRIAN ALBERT WILLIAM JOHNSON,director,WESTMENTS LIMITED,00459420,gb,https://opencorporates.com/companies/gb/00459420
Brian Johnson,BRIAN ALBERT WILLIAM JOHNSON,director,RBS WATERHOUSE INVESTMENTS LIMITED,03086015,gb,https://opencorporates.com/companies/gb/03086015
Brian Johnson,BRIAN ALBERT WILLIAM JOHNSON,director,ENTELLUS LIMITED,01611224,gb,https://opencorporates.com/companies/gb/01611224
Brian Johnson,BRIAN ALBERT WILLIAM JOHNSON,director,ST JAMES'S PROPERTIES LIMITED,01075927,gb,https://opencorporates.com/companies/gb/01075927
Brian Johnson,BRIAN ALBERT WILLIAM JOHNSON,secretary,FORTNUM & MASON PUBLIC LIMITED COMPANY,00084909,gb,https://opencorporates.com/companies/gb/00084909
Brian Johnson,BRIAN ALBERT WILLIAM JOHNSON,secretary,FORTNUMS LIMITED,00774799,gb,https://opencorporates.com/companies/gb/00774799
Brian Johnson,BRIAN ALBERT WILLIAM JOHNSON,secretary,SOUTH EAST AIRPORTS LIMITED,02107961,gb,https://opencorporates.com/companies/gb/02107961
Richard Cheney,RICHARD ANDREW CHENEY,director,POINT3 SOFTWARE LIMITED,07240093,gb,https://opencorporates.com/companies/gb/07240093
Edward Blewitt,EDWARD BLEWITT,director,EDWARDES LIMITED,02147292,gb,https://opencorporates.com/companies/gb/02147292
Edward Blewitt,EDWARD BLEWITT,director,LEARNING DISABILITY WALES - ANABLEDD DYSGU CYMRU,02326324,gb,https://opencorporates.com/companies/gb/02326324
Edward Blewitt,JASON EDWARD BLEWITT,director,PLUMJASE LTD,06788701,gb,https://opencorporates.com/companies/gb/06788701
Edward Blewitt,JASON EDWARD BLEWITT,director,JCP BUILDING SERVICES LIMITED,07880551,gb,https://opencorporates.com/companies/gb/07880551
Edward Blewitt,RICHARD EDWARD BLEWITT JENKINS,director,COPPICE GATE (MANAGEMENT) LIMITED,02662854,gb,https://opencorporates.com/companies/gb/02662854
Howard Moss,ANDREW HOWARD MOSS,director,WORLDPRO LIMITED,02956319,gb,https://opencorporates.com/companies/gb/02956319
Howard Moss,DAVID HOWARD MOSS,director,ADM PLUMBING AND ELECTRICAL SERVICES LIMITED,08112377,gb,https://opencorporates.com/companies/gb/08112377
Howard Moss,GRAHAM HOWARD MOSS,director,E & B GARAGES (NEWRY) LIMITED,02024527,gb,https://opencorporates.com/companies/gb/02024527
Howard Moss,GRAHAM HOWARD MOSS,secretary,NISSAN DATSUN LEASING LIMITED,01202753,gb,https://opencorporates.com/companies/gb/01202753
Howard Moss,GRAHAM HOWARD MOSS,director,COLIN JOHNSON MOTORS LIMITED,01932841,gb,https://opencorporates.com/companies/gb/01932841
Howard Moss,GRAHAM HOWARD MOSS,director,WHITE AUTO CONTRACTS LIMITED,02064159,gb,https://opencorporates.com/companies/gb/02064159
Howard Moss,GRAHAM HOWARD MOSS,director,THE GENUINE ALTERNATIVE LIMITED,02151180,gb,https://opencorporates.com/companies/gb/02151180
Howard Moss,GRAHAM HOWARD MOSS,director,HEART OF ENGLAND MOTOR COMPANY (1988) LIMITED,02153250,gb,https://opencorporates.com/companies/gb/02153250
Howard Moss,GRAHAM HOWARD MOSS,director,AIR AMBULANCE FOUNDATION,03751373,gb,https://opencorporates.com/companies/gb/03751373
Howard Moss,GRAHAM HOWARD MOSS,director,"BAULARD & FOSTERS,LIMITED",00358847,gb,https://opencorporates.com/companies/gb/00358847
Howard Moss,GRAHAM HOWARD MOSS,director,CRAIGAVON AUTO CENTRE LIMITED,01982169,gb,https://opencorporates.com/companies/gb/01982169
Howard Moss,GRAHAM HOWARD MOSS,director,DATEXPORT LIMITED,01370126,gb,https://opencorporates.com/companies/gb/01370126
Howard Moss,GRAHAM HOWARD MOSS,director,STYLE MOTOR COMPANY (STOCKPORT) LIMITED,01985219,gb,https://opencorporates.com/companies/gb/01985219
Howard Moss,GRAHAM HOWARD MOSS,director,NISSAN INSURANCE SERVICES LIMITED,01260593,gb,https://opencorporates.com/companies/gb/01260593
Howard Moss,GRAHAM HOWARD MOSS,director,BOB RAE LIMITED,SC044924,gb,https://opencorporates.com/companies/gb/SC044924
Howard Moss,GRAHAM HOWARD MOSS,director,NISSAN DRIVE LIMITED,01754390,gb,https://opencorporates.com/companies/gb/01754390
Howard Moss,GRAHAM HOWARD MOSS,director,BCW GROUP (GOTHIA) LIMITED,02262702,gb,https://opencorporates.com/companies/gb/02262702
Howard Moss,GRAHAM HOWARD MOSS,director,OMC INVESTMENTS LIMITED,00991581,gb,https://opencorporates.com/companies/gb/00991581
Howard Moss,GRAHAM HOWARD MOSS,director,OMARCA INVESTMENT HOLDINGS LIMITED,02264609,gb,https://opencorporates.com/companies/gb/02264609
Howard Moss,GRAHAM HOWARD MOSS,director,CAMBRIDGE HOUSE AND TALBOT,01050006,gb,https://opencorporates.com/companies/gb/01050006
Howard Moss,GRAHAM HOWARD MOSS,director,CALEDONIA MOTOR GROUP LIMITED,01098008,gb,https://opencorporates.com/companies/gb/01098008
Howard Moss,GRAHAM HOWARD MOSS,secretary,CAMELIA BOTNAR LIMITED,01646383,gb,https://opencorporates.com/companies/gb/01646383
Howard Moss,GRAHAM HOWARD MOSS,director,CAMELIA BOTNAR LIMITED,01646383,gb,https://opencorporates.com/companies/gb/01646383
Howard Moss,GRAHAM HOWARD MOSS,director,AUTOMOTIVE FINANCIAL SERVICES LIMITED,01682485,gb,https://opencorporates.com/companies/gb/01682485
Howard Moss,GRAHAM HOWARD MOSS,secretary,AUTOMOTIVE FINANCIAL SERVICES LIMITED,01682485,gb,https://opencorporates.com/companies/gb/01682485
Howard Moss,GRAHAM HOWARD MOSS,director,HERALD OF WREXHAM LIMITED,01723270,gb,https://opencorporates.com/companies/gb/01723270
Howard Moss,GRAHAM HOWARD MOSS,secretary,DATEXPORT LIMITED,01370126,gb,https://opencorporates.com/companies/gb/01370126
Howard Moss,GRAHAM HOWARD MOSS,director,GRAHAM PARKER MOTORS LIMITED,01933566,gb,https://opencorporates.com/companies/gb/01933566
Howard Moss,GRAHAM HOWARD MOSS,director,WATSON MOTOR COMPANY LIMITED,01930634,gb,https://opencorporates.com/companies/gb/01930634
Howard Moss,GRAHAM HOWARD MOSS,director,D & T MOTORS LIMITED,01946889,gb,https://opencorporates.com/companies/gb/01946889
Nathan Lee Gill
James Cole,ADAM JAMES COLE,director,A COLE CONSULTING LIMITED,07457151,gb,https://opencorporates.com/companies/gb/07457151
James Cole,ADAM JAMES COLE,director,KENEXA LEADERSHIP LIMITED,03166580,gb,https://opencorporates.com/companies/gb/03166580
James Cole,ADAM JAMES COLE,director,LADYCROSS MEWS RESIDENTS ASSOCIATION LIMITED,01750765,gb,https://opencorporates.com/companies/gb/01750765
James Cole,ADAM JAMES COLE,director,THE CHAISE LONGUE COMPANY LIMITED,06699492,gb,https://opencorporates.com/companies/gb/06699492
James Cole,ADRIAN JAMES COLE,director,LILE INVESTMENTS LIMITED,00680716,gb,https://opencorporates.com/companies/gb/00680716
James Cole,ADRIAN JAMES COLE,director,"HUDSON, COLE & SHARP LIMITED",07368893,gb,https://opencorporates.com/companies/gb/07368893
James Cole,ADRIAN JAMES COLE,director,COLE & SHARP SALES LIMITED,02788737,gb,https://opencorporates.com/companies/gb/02788737
James Cole,ALAN JAMES COLE-HAMILTON,director,C.S. DEVELOPMENTS (PAISLEY) LIMITED,SC128424,gb,https://opencorporates.com/companies/gb/SC128424
James Cole,ALAN JAMES COLE-HAMILTON,director,HAMILTON (PAISLEY) LIMITED,SC104961,gb,https://opencorporates.com/companies/gb/SC104961
James Cole,ALEXANDER JAMES COLE,director,CHAPEL BAR LIMITED,06708031,gb,https://opencorporates.com/companies/gb/06708031
James Cole,ALEXANDER JAMES COLE,director,A J COLE LIMITED,06297369,gb,https://opencorporates.com/companies/gb/06297369
James Cole,ALEXANDER JAMES COLE,director,RUMOURS TUNBRIDGE WELLS LIMITED,07586611,gb,https://opencorporates.com/companies/gb/07586611
James Cole,ALISDAIR JAMES STANLEY COLE,llp designated member,COLE CARTER LLP,OC379587,gb,https://opencorporates.com/companies/gb/OC379587
James Cole,ALISTAIR JAMES ANTONY COLE,director,ALIQUIS INTERNATIONAL LIMITED,05170362,gb,https://opencorporates.com/companies/gb/05170362
James Cole,ALISTAIR JAMES ANTONY COLE,director,O.C(CLIFTON COLLEGE)NOMINEES LIMITED,00370713,gb,https://opencorporates.com/companies/gb/00370713
James Cole,ALISTAIR JAMES ANTONY COLE,director,SERIOUS KNOWLEDGE LIMITED,05893144,gb,https://opencorporates.com/companies/gb/05893144
James Cole,ALISTAIR JAMES DANNY COLE,director,RE.INVIGOR LIMITED,07353699,gb,https://opencorporates.com/companies/gb/07353699
James Cole,ALISTAIR JAMES DANNY COLE,director,LGBT NETWORK STAFFORDSHIRE LIMITED,07164582,gb,https://opencorporates.com/companies/gb/07164582
James Cole,ALISTAIR JAMES FERGUSON COLE,director,NIRVANA CONSULTANCY LIMITED,07624248,gb,https://opencorporates.com/companies/gb/07624248
James Cole,ALISTAIR JAMES FERGUSON COLE,director,FRYE CONSULTANCY SOLUTIONS LIMITED,08246361,gb,https://opencorporates.com/companies/gb/08246361
James Cole,ALISTER JAMES COLE,director,COLE TELECOMMUNICATIONS LIMITED,04136815,gb,https://opencorporates.com/companies/gb/04136815
James Cole,ALLAN JAMES COLE,director,COLE CONTINUITY LIMITED,06061558,gb,https://opencorporates.com/companies/gb/06061558
James Cole,ANDREW JAMES COLE,secretary,THE TRAVELERS REST BEER GARDEN LTD,06462013,gb,https://opencorporates.com/companies/gb/06462013
James Cole,ANDREW JAMES COLE,director,COSMO PROJECT SERVICES LIMITED,07737911,gb,https://opencorporates.com/companies/gb/07737911
James Cole,ANDREW JAMES COLE,secretary,DATA SAFE (UK) LTD,03134122,gb,https://opencorporates.com/companies/gb/03134122
James Cole,ANDREW JAMES COLE,director,CARN SOLUTIONS LIMITED,04184938,gb,https://opencorporates.com/companies/gb/04184938
James Cole,ANDREW JAMES COLE,director,ANSFORD ACADEMY TRUST,07657806,gb,https://opencorporates.com/companies/gb/07657806
James Cole,ANDREW JAMES COLE,director,DATA SAFE (UK) LTD,03134122,gb,https://opencorporates.com/companies/gb/03134122
James Cole,ANDREW JAMES COLE,secretary,CARN SOLUTIONS LIMITED,04184938,gb,https://opencorporates.com/companies/gb/04184938
James Cole,ANDREW JAMES COLE,director,ASURION EUROPE LIMITED,06568029,gb,https://opencorporates.com/companies/gb/06568029
Caroline Yvonne Jones
David John Rowlands,DAVID JOHN ROWLANDS,director,DRH (WOLVERHAMPTON) LTD,07141902,gb,https://opencorporates.com/companies/gb/07141902
David John Rowlands,DAVID JOHN ROWLANDS,director,DRAGON PUBLIC RELATIONS LIMITED,07021702,gb,https://opencorporates.com/companies/gb/07021702
David John Rowlands,DAVID JOHN ROWLANDS,secretary,EBW(1) LIMITED,04245780,gb,https://opencorporates.com/companies/gb/04245780
David John Rowlands,DAVID JOHN ROWLANDS,secretary,ALICE SPRINGS GOLF & LEISURE CLUB LIMITED,05221463,gb,https://opencorporates.com/companies/gb/05221463
David John Rowlands,DAVID JOHN ROWLANDS,director,SLEEPBOX HOTELS LIMITED,08051743,gb,https://opencorporates.com/companies/gb/08051743
David John Rowlands,DAVID JOHN ROWLANDS,secretary,SLEEPBOX LTD,07869888,gb,https://opencorporates.com/companies/gb/07869888
David John Rowlands,DAVID JOHN ROWLANDS,director,SLEEPBOX LTD,07869888,gb,https://opencorporates.com/companies/gb/07869888
David John Rowlands,DAVID JOHN ROWLANDS,director,RED LODGE MILLENNIUM CENTRE LIMITED,03493389,gb,https://opencorporates.com/companies/gb/03493389
David John Rowlands,DAVID JOHN ROWLANDS,director,HOUR SPACE LIMITED,08996950,gb,https://opencorporates.com/companies/gb/08996950
David John Rowlands,DAVID JOHN ROWLANDS,director,PRESSURE CHEM (MIDLANDS) LIMITED,02607157,gb,https://opencorporates.com/companies/gb/02607157
David John Rowlands,DAVID JOHN ROWLANDS,secretary,EASYAMOUNT LIMITED,02740059,gb,https://opencorporates.com/companies/gb/02740059
David John Rowlands,DAVID JOHN ROWLANDS,director,ALICE SPRINGS GOLF & LEISURE CLUB LIMITED,05221463,gb,https://opencorporates.com/companies/gb/05221463
David John Rowlands,DAVID JOHN ROWLANDS,director,ICONIS LEARNING & DEVELOPMENT LIMITED,07479372,gb,https://opencorporates.com/companies/gb/07479372
David John Rowlands,DAVID JOHN ROWLANDS,director,DJR TRAINING LTD,08116936,gb,https://opencorporates.com/companies/gb/08116936
David John Rowlands,DAVID JOHN ROWLANDS,director,THE PIRBRIGHT INSTITUTE,00559784,gb,https://opencorporates.com/companies/gb/00559784
David John Rowlands,DAVID JOHN ROWLANDS,director,9 MILES ROAD MANAGEMENT LIMITED,03290374,gb,https://opencorporates.com/companies/gb/03290374
David John Rowlands,DAVID JOHN ROWLANDS,director,XAC PARTNERSHIP LTD,07468843,gb,https://opencorporates.com/companies/gb/07468843
David John Rowlands,DAVID JOHN ROWLANDS,director,INSPIRED TECHNICAL SOLUTIONS LIMITED,04896637,gb,https://opencorporates.com/companies/gb/04896637
David John Rowlands,DAVID JOHN ROWLANDS,director,D J ROWLANDS LIMITED,06350204,gb,https://opencorporates.com/companies/gb/06350204
David John Rowlands,DAVID JOHN ROWLANDS,secretary,6 SAVILLE PLACE CLIFTON (MANAGEMENT) LIMITED,01532917,gb,https://opencorporates.com/companies/gb/01532917
David John Rowlands,DAVID JOHN ROWLANDS,director,6 SAVILLE PLACE CLIFTON (MANAGEMENT) LIMITED,01532917,gb,https://opencorporates.com/companies/gb/01532917
David John Rowlands,DAVID JOHN ROWLANDS,secretary,ALICE SPRINGS GOLF CLUB LIMITED,06704477,gb,https://opencorporates.com/companies/gb/06704477
David John Rowlands,DAVID JOHN ROWLANDS,director,ALICE SPRINGS GOLF CLUB LIMITED,06704477,gb,https://opencorporates.com/companies/gb/06704477
David John Rowlands,DAVID JOHN ROWLANDS,director,WINSLOW AND DISTRICT COMMUNITY BUS,03891123,gb,https://opencorporates.com/companies/gb/03891123
David John Rowlands,DAVID JOHN ROWLANDS,director,BUCKINGHAM BOROUGH DEVELOPMENT COMPANY LIMITED,01006126,gb,https://opencorporates.com/companies/gb/01006126
David John Rowlands,DAVID JOHN ROWLANDS,director,BASINGSTOKE DIAL-A-RIDE,02472904,gb,https://opencorporates.com/companies/gb/02472904
David John Rowlands,DAVID JOHN ROWLANDS,director,ANTENNA AUDIO LIMITED,02789136,gb,https://opencorporates.com/companies/gb/02789136
David John Rowlands,JOHN DAVID ROWLANDS,secretary,STYLE STUDIO LIMITED,03500473,gb,https://opencorporates.com/companies/gb/03500473
David John Rowlands,JOHN DAVID ROWLANDS,director,TAX TALKING LIMITED,03462485,gb,https://opencorporates.com/companies/gb/03462485
David John Rowlands,JOHN DAVID ROWLANDS,director,ACOUSTIC FESTIVALS LIMITED,07048736,gb,https://opencorporates.com/companies/gb/07048736
